County,POP2010
0,13798
Abbeville,25417
Acadia,61773
Accomack,33164
Ada,392365
Adair,74628
Adams,786662
Addison,36821
Aiken,160099
Aitkin,16202
Alachua,247336
Alamance,151131
Alameda,1510271
Alamosa,15445
Albany,340503
Albemarle,98970
Alcona,10942
Alcorn,37057
Aleutians East,3141
Aleutians West,5561
Alexander,45436
Alexandria,139966
Alfalfa,5642
Alger,9601
Allamakee,14330
Allegan,111408
Allegany,124033
Alleghany,27405
Allegheny,1223348
Allen,520751
Allendale,10419
Alpena,29598
Alpine,1175
Amador,38091
Amelia,12690
Amherst,32353
Amite,13131
Anchorage,291826
Anderson,350236
Andrew,17291
Andrews,14786
Androscoggin,107702
Angelina,86771
Anne Arundel,537656
Anoka,330844
Anson,26948
Antelope,6685
Antrim,23580
Apache,71518
Appanoose,12887
Appling,18236
Appomattox,14973
Aransas,23158
Arapahoe,572003
Archer,9054
Archuleta,12084
Arenac,15899
Arkansas,19019
Arlington,207627
Armstrong,70842
Aroostook,71870
Arthur,460
Ascension,107215
Ashe,27281
Ashland,69296
Ashley,21853
Ashtabula,101497
Asotin,21623
Assumption,23421
Atascosa,44911
Atchison,22609
Athens,64757
Atkinson,8375
Atlantic,274549
Atoka,14182
Attala,19564
Audrain,25529
Audubon,6119
Auglaize,45949
Augusta,73750
Aurora,2710
Austin,28417
Autauga,54571
Avery,17797
Avoyelles,42073
Baca,3788
Bacon,11096
Bailey,7165
Baker,46700
Baldwin,227985
Ballard,8249
Baltimore,805029
Baltimore City,620961
Bamberg,15987
Bandera,20485
Banks,18395
Banner,690
Bannock,82839
Baraga,8860
Barber,4861
Barbour,44046
Barnes,11066
Barnstable,215888
Barnwell,22621
Barren,42173
Barron,45870
Barrow,69367
Barry,94770
Bartholomew,76794
Barton,40076
Bartow,100157
Bastrop,74171
Bates,17049
Bath,16322
Baxter,41513
Bay,276623
Bayfield,15014
Baylor,3726
Beadle,17398
Bear Lake,5986
Beaufort,209992
Beauregard,35654
Beaver,182804
Beaverhead,9246
Becker,32504
Beckham,22119
Bedford,163496
Bedford City,6222
Bee,31861
Belknap,60088
Bell,338926
Belmont,70400
Beltrami,44442
Ben Hill,17634
Benewah,9285
Bennett,3431
Bennington,37125
Benson,6660
Bent,6499
Benton,599750
Benzie,17525
Bergen,905116
Berkeley,282012
Berks,411442
Berkshire,131219
Bernalillo,662564
Berrien,176099
Bertie,21282
Bethel,17013
Bexar,1714773
Bibb,178462
Bienville,14353
Big Horn,24533
Big Stone,5269
Billings,783
Bingham,45607
Black Hawk,131090
Blackford,12766
Bladen,35190
Blaine,40288
Blair,127089
Blanco,10497
Bland,6824
Bleckley,13063
Bledsoe,12876
Blount,180332
Blue Earth,64013
Boise,7028
Bolivar,34145
Bollinger,12363
Bon Homme,7070
Bond,17768
Bonner,40877
Bonneville,104234
Boone,485601
Borden,641
Bosque,18212
Bossier,116979
Botetourt,33148
Bottineau,6429
Boulder,294567
Boundary,10972
Bourbon,35158
Bowie,92565
Bowman,3151
Box Butte,11308
Box Elder,49975
Boyd,51641
Boyle,28432
Bracken,8488
Bradford,91142
Bradley,110471
Branch,45248
Brantley,18411
Braxton,14523
Brazoria,313166
Brazos,194851
Breathitt,13878
Breckinridge,20059
Bremer,24276
Brevard,543376
Brewster,9232
Briscoe,1637
Bristol,615995
Bristol Bay,997
Broadwater,5612
Bronx,1385108
Brooke,24069
Brookings,31965
Brooks,23466
Broome,200600
Broomfield,55889
Broward,1748066
Brown,428691
Brule,5255
Brunswick,124865
Bryan,72649
Buchanan,134257
Buckingham,17146
Bucks,625249
Buena Vista,26910
Buffalo,61601
Bullitt,74319
Bulloch,70217
Bullock,10914
Buncombe,238318
Bureau,34978
Burke,116196
Burleigh,81308
Burleson,17187
Burlington,448734
Burnet,42750
Burnett,15457
Burt,6858
Butler,717565
Butte,233001
Butts,23655
Cabarrus,178011
Cabell,96319
Cache,112656
Caddo,284569
Calaveras,45578
Calcasieu,192768
Caldwell,153635
Caledonia,31227
Calhoun,355309
Callahan,13544
Callaway,44332
Calloway,37191
Calumet,48971
Calvert,88737
Camas,1117
Cambria,143679
Camden,618152
Cameron,418144
Camp,12401
Campbell,233493
Canadian,115541
Candler,10998
Cannon,13801
Canyon,188923
Cape Girardeau,75674
Cape May,97265
Carbon,112615
Caribou,6963
Carlisle,5104
Carlton,35386
Caroline,61611
Carroll,527386
Carson,6182
Carson City,55274
Carter,140126
Carteret,66469
Carver,91042
Cascade,81327
Casey,15955
Cass,452385
Cassia,22952
Castro,8062
Caswell,23719
Catahoula,10407
Catawba,154358
Catoosa,63942
Catron,3725
Cattaraugus,80317
Cavalier,3993
Cayuga,80026
Cecil,101108
Cedar,41333
Centre,153990
Cerro Gordo,44151
Chaffee,17809
Chambers,69311
Champaign,241178
Chariton,7831
Charles,146551
Charles City,7256
Charles Mix,9129
Charleston,350209
Charlevoix,25949
Charlotte,172564
Charlottesville,43475
Charlton,12171
Chase,6756
Chatham,328633
Chattahoochee,11267
Chattooga,26015
Chautauqua,138574
Chaves,65645
Cheatham,39105
Cheboygan,26152
Chelan,72453
Chemung,88830
Chenango,50477
Cherokee,454628
Cherry,5713
Chesapeake,222209
Cheshire,77117
Chester,549157
Chesterfield,362970
Cheyenne,14560
Chickasaw,29831
Chicot,11800
Childress,7041
Chilton,43643
Chippewa,113376
Chisago,53887
Chittenden,156545
Choctaw,37611
Chouteau,5813
Chowan,14793
Christian,186177
Churchill,24877
Cibola,27213
Cimarron,2475
Citrus,141236
Clackamas,375992
Claiborne,59012
Clallam,71404
Clare,30926
Clarendon,34971
Clarion,39988
Clark,2748857
Clarke,182599
Clatsop,37039
Clay,672264
Clayton,277553
Clear Creek,9088
Clearfield,81642
Clearwater,17456
Cleburne,40942
Clermont,197363
Cleveland,362522
Clinch,6798
Clinton,389905
Cloud,9533
Coahoma,26151
Coal,5925
Cobb,688078
Cochise,131346
Cochran,3127
Cocke,35662
Coconino,134421
Codington,27227
Coffee,145100
Coffey,8601
Coke,3320
Colbert,54428
Cole,75990
Coleman,8895
Coles,53873
Colfax,24265
Colleton,38892
Collier,321520
Collin,782341
Collingsworth,3057
Colonial Heights,17411
Colorado,20874
Colquitt,45498
Columbia,456789
Columbiana,107841
Columbus,58098
Colusa,21419
Comal,108472
Comanche,139963
Concho,4087
Concordia,20822
Conecuh,13228
Conejos,8256
Contra Costa,1049025
Converse,13833
Conway,21273
Cook,5217063
Cooke,38437
Cooper,17601
Coos,96098
Coosa,11539
Copiah,29449
Corson,4050
Cortland,49336
Coryell,75388
Coshocton,36901
Costilla,3524
Cottle,1505
Cotton,6193
Cottonwood,11687
Covington,63294
Coweta,127317
Cowley,36311
Cowlitz,102410
Craig,20219
Craighead,96443
Crane,4375
Craven,103505
Crawford,349301
Creek,69967
Crenshaw,13906
Crisp,23439
Crittenden,60217
Crockett,18305
Crook,28061
Crosby,6059
Cross,17870
Crow Wing,62500
Crowley,5823
Culberson,2398
Cullman,80406
Culpeper,46689
Cumberland,1077418
Cuming,9139
Currituck,23547
Curry,70740
Custer,66946
Cuyahoga,1280122
Dade,24516
Daggett,1059
Dakota,419558
Dale,50251
Dallam,6703
Dallas,2502987
Dane,488073
Daniels,1751
Danville,43055
Dare,33920
Darke,52959
Darlington,68681
Dauphin,268100
Davidson,789559
Davie,41240
Daviess,136737
Davis,315232
Davison,19504
Dawes,9182
Dawson,69455
Day,5710
De Baca,2022
De Soto,26656
De Witt,16561
DeKalb,942000
DeSoto,196114
DeWitt,20097
Deaf Smith,19372
Dearborn,50047
Decatur,76757
Deer Lodge,9298
Defiance,39037
Del Norte,28610
Delaware,958095
Delta,73252
Denali,1826
Dent,15657
Denton,662614
Denver,600158
Des Moines,40325
Deschutes,157733
Desha,13008
Deuel,6305
Dewey,10111
Dickens,2444
Dickenson,15903
Dickey,5289
Dickinson,62589
Dickson,49666
Dillingham,4847
Dillon,32062
Dimmit,9996
Dinwiddie,28001
District of Columbia,601723
Divide,2071
Dixie,16422
Dixon,6000
Doddridge,8202
Dodge,167333
Dolores,2064
Dona Ana,209233
Doniphan,7945
Donley,3677
Dooly,14918
Door,27785
Dorchester,169173
Dougherty,94565
Douglas,1355733
Drew,18509
DuPage,916924
Dubois,41889
Dubuque,93653
Duchesne,18607
Dukes,16535
Dundy,2008
Dunklin,31953
Dunn,47393
Duplin,58505
Durham,267587
Dutchess,297488
Duval,876045
Dyer,38335
Eagle,52197
Early,11008
East Baton Rouge,440171
East Carroll,7759
East Feliciana,20267
Eastland,18583
Eaton,107759
Eau Claire,98736
Echols,4034
Ector,137130
Eddy,56214
Edgar,18576
Edgecombe,56552
Edgefield,26985
Edmonson,12161
Edmunds,4071
Edwards,11760
Effingham,86492
El Dorado,181058
El Paso,1422910
Elbert,43252
Elk,34828
Elkhart,197559
Elko,48818
Elliott,7852
Ellis,182213
Ellsworth,6497
Elmore,106341
Emanuel,22598
Emery,10976
Emmet,42996
Emmons,3550
Emporia,5927
Erath,37890
Erie,1276685
Escambia,335938
Esmeralda,783
Essex,1583955
Estill,14672
Etowah,104430
Eureka,1987
Evangeline,33984
Evans,11000
Fairbanks North Star,97581
Fairfax,1081726
Fairfax City,22565
Fairfield,1086941
Fall River,7094
Fallon,2890
Falls,17866
Falls Church,12332
Fannin,57597
Faribault,14553
Faulk,2364
Faulkner,113237
Fauquier,65203
Fayette,761550
Fentress,17959
Fergus,11586
Ferry,7551
Fillmore,26756
Finney,36776
Fisher,3974
Flagler,95696
Flathead,90928
Fleming,14348
Florence,141308
Floyd,248374
Fluvanna,25691
Foard,1336
Fond du Lac,101633
Ford,47929
Forest,17020
Forrest,74934
Forsyth,526181
Fort Bend,585375
Foster,3343
Fountain,17240
Franklin,2139570
Franklin City,8582
Frederick,311690
Fredericksburg,24286
Freeborn,31255
Freestone,19816
Fremont,107630
Fresno,930450
Frio,17217
Frontier,2756
Fulton,1110618
Furnas,4959
Gadsden,46389
Gage,22311
Gaines,17526
Galax,7042
Gallatin,103691
Gallia,30934
Galveston,291309
Garden,2057
Garfield,127662
Garland,96024
Garrard,16912
Garrett,30097
Garvin,27576
Garza,6461
Gasconade,15222
Gaston,206086
Gates,12197
Geary,34362
Geauga,93389
Gem,16719
Genesee,485869
Geneva,26790
Gentry,6738
George,22578
Georgetown,60158
Gibson,83186
Gila,53597
Gilchrist,16939
Giles,46771
Gillespie,24837
Gilliam,1871
Gilmer,36985
Gilpin,5441
Glacier,13399
Glades,12884
Gladwin,25692
Glascock,3082
Glasscock,1226
Glenn,28122
Gloucester,325146
Glynn,79626
Gogebic,16427
Golden Valley,2564
Goliad,7210
Gonzales,19807
Goochland,21717
Goodhue,46183
Gooding,15464
Gordon,55186
Goshen,13249
Gosper,2044
Gove,2695
Grady,77442
Grafton,89118
Graham,48678
Grainger,22657
Grand,24068
Grand Forks,66861
Grand Isle,6970
Grand Traverse,86986
Granite,3079
Grant,352847
Granville,59916
Gratiot,42476
Graves,37121
Gray,28541
Grays Harbor,72797
Grayson,162156
Greeley,3785
Green,48100
Green Lake,19051
Greenbrier,35480
Greene,771166
Greenlee,8437
Greensville,12243
Greenup,36910
Greenville,451225
Greenwood,76350
Greer,6239
Gregg,121730
Gregory,4271
Grenada,21906
Griggs,2420
Grimes,26604
Grundy,86480
Guadalupe,136220
Guernsey,40087
Guilford,488406
Gulf,15863
Gunnison,15324
Guthrie,10954
Gwinnett,805321
Haakon,1937
Habersham,43041
Haines,2508
Hale,52033
Halifax,90932
Hall,241644
Hamblen,62544
Hamilton,1477502
Hamlin,5903
Hampden,463490
Hampshire,182044
Hampton,158526
Hancock,329065
Hand,3431
Hanover,99863
Hansford,5613
Hanson,3331
Haralson,28780
Hardee,27731
Hardeman,31392
Hardin,240116
Harding,1950
Hardy,14025
Harford,244826
Harlan,32701
Harmon,2922
Harnett,114678
Harney,7422
Harper,9719
Harris,4124483
Harrison,419794
Harrisonburg,48914
Hart,43412
Hartford,894014
Hartley,6062
Harvey,34684
Haskell,22924
Hawaii,185079
Hawkins,56833
Hayes,967
Hays,157107
Haywood,77823
Heard,11834
Hemphill,3807
Hempstead,22609
Henderson,266622
Hendricks,145448
Hendry,39140
Hennepin,1152425
Henrico,306935
Henry,493701
Herkimer,64519
Hernando,172778
Hertford,24669
Hettinger,2477
Hickman,29592
Hickory,9627
Hidalgo,779663
Highland,45910
Highlands,98786
Hill,51185
Hillsborough,1629947
Hillsdale,46688
Hinds,245285
Hinsdale,843
Hitchcock,2908
Hocking,29380
Hockley,22935
Hodgeman,1916
Hoke,46952
Holmes,81491
Holt,15347
Honolulu,953207
Hood,51182
Hood River,22346
Hooker,736
Hoonah-Angoon,95
Hopewell,22591
Hopkins,82081
Horry,269291
Hot Spring,32923
Hot Springs,4812
Houghton,36628
Houston,292632
Howard,444622
Howell,40400
Hubbard,20428
Hudson,634266
Hudspeth,3476
Huerfano,6711
Hughes,31025
Humboldt,160966
Humphreys,27913
Hunt,86129
Hunterdon,128349
Huntingdon,45913
Huntington,37124
Huron,92744
Hutchinson,29493
Hyde,7230
Iberia,73240
Iberville,33387
Ida,7089
Idaho,16267
Imperial,174528
Independence,36647
Indian River,138028
Indiana,88880
Ingham,280895
Inyo,18546
Ionia,63905
Iosco,25887
Iowa,40042
Iredell,159437
Irion,1599
Iron,74526
Iroquois,29718
Irwin,9538
Isabella,70311
Isanti,37816
Island,78506
Isle of Wight,35270
Issaquena,1406
Itasca,45058
Itawamba,23401
Izard,13696
Jack,9044
Jackson,1714413
James City,67009
Jasper,288871
Jay,21253
Jeff Davis,17410
Jefferson,3584625
Jefferson Davis,44081
Jenkins,8340
Jennings,28525
Jerauld,2071
Jerome,22374
Jersey,22985
Jessamine,48586
Jewell,3077
Jim Hogg,5300
Jim Wells,40838
Jo Daviess,22678
Johnson,1121732
Johnston,179835
Jones,148429
Josephine,82713
Juab,10246
Judith Basin,2072
Juneau,57939
Juniata,24636
Kalamazoo,250331
Kalawao,90
Kalkaska,17153
Kanabec,16239
Kanawha,193063
Kandiyohi,42239
Kane,522394
Kankakee,113449
Karnes,14824
Kauai,67091
Kaufman,103350
Kay,46562
Kearney,6489
Kearny,3977
Keith,8368
Kemper,10456
Kenai Peninsula,55400
Kendall,148146
Kenedy,416
Kennebec,122151
Kenosha,166426
Kent,952095
Kenton,159720
Keokuk,10511
Kern,839631
Kerr,49625
Kershaw,61697
Ketchikan Gateway,13477
Kewaunee,20574
Keweenaw,2156
Keya Paha,824
Kidder,2435
Kimball,3821
Kimble,4607
King,1931535
King George,23584
King William,15935
King and Queen,6945
Kingfisher,15034
Kingman,7858
Kings,2657682
Kingsbury,5148
Kinney,3598
Kiowa,13397
Kit Carson,8270
Kitsap,251133
Kittitas,40915
Kittson,4552
Klamath,66380
Kleberg,32061
Klickitat,20318
Knott,16346
Knox,672676
Kodiak Island,13592
Koochiching,13311
Kootenai,138494
Kosciusko,77358
Kossuth,15543
La Crosse,114638
La Paz,20489
La Plata,51334
La Salle,135700
LaGrange,37128
LaMoure,4139
LaPorte,111467
Labette,21607
Lac qui Parle,7259
Lackawanna,214437
Laclede,35571
Lafayette,335661
Lafourche,96318
Lake,1876613
Lake and Peninsula,1631
Lake of the Woods,4045
Lamar,138332
Lamb,13977
Lamoille,24475
Lampasas,19677
Lancaster,892895
Lander,5775
Lane,353465
Langlade,19977
Lanier,10078
Lapeer,88319
Laramie,91738
Larimer,299630
Larue,14193
Las Animas,15507
Lassen,34895
Latah,37244
Latimer,11154
Lauderdale,200785
Laurel,58849
Laurens,114971
Lavaca,19263
Lawrence,401668
Le Flore,50384
Le Sueur,27703
Lea,64727
Leake,23805
Leavenworth,76227
Lebanon,133568
Lee,1079698
Leelanau,21708
Leflore,32317
Lehigh,349497
Lemhi,7936
Lenawee,99892
Lenoir,59495
Leon,292288
Leslie,11310
Letcher,24519
Levy,40801
Lewis,158977
Lewis and Clark,63395
Lexington,269433
Liberty,149800
Licking,166492
Limestone,106166
Lincoln,633028
Linn,350315
Lipscomb,3302
Litchfield,189927
Little River,13171
Live Oak,11531
Livingston,438050
Llano,19301
Logan,232160
Long,14464
Lonoke,68356
Lorain,301356
Los Alamos,17950
Los Angeles,9818605
Loudon,48556
Loudoun,312311
Louisa,44540
Loup,632
Love,9423
Loving,82
Lowndes,180311
Lubbock,278831
Lucas,450713
Luce,6631
Lumpkin,29966
Luna,25095
Lunenburg,12914
Luzerne,320918
Lycoming,116111
Lyman,3755
Lynchburg,75568
Lynn,5915
Lyon,131422
Mackinac,11113
Macomb,840978
Macon,218696
Macoupin,47765
Madera,150865
Madison,1359917
Magoffin,13333
Mahaska,22381
Mahnomen,5413
Mahoning,238823
Major,7527
Malheur,31313
Manassas,37821
Manassas Park,14273
Manatee,322833
Manistee,24733
Manitowoc,81442
Marathon,134063
Marengo,21027
Maricopa,3817117
Maries,9176
Marin,252409
Marinette,41749
Marion,1962056
Mariposa,18251
Marlboro,28933
Marquette,82481
Marshall,365726
Martin,219725
Martinsville,13821
Mason,152896
Massac,15429
Matagorda,36702
Matanuska-Susitna,88995
Mathews,8978
Maui,154834
Maury,80956
Maverick,54258
Mayes,41259
McClain,34506
McCone,1734
McCook,5618
McCormick,10233
McCracken,65565
McCreary,18306
McCulloch,8283
McCurtain,33151
McDonald,23083
McDonough,32612
McDowell,67109
McDuffie,21875
McHenry,314155
McIntosh,37394
McKean,43450
McKenzie,6360
McKinley,71492
McLean,188065
McLennan,234906
McLeod,36651
McMinn,52266
McMullen,707
McNairy,26075
McPherson,32178
Meade,58611
Meagher,1891
Mecklenburg,952355
Mecosta,42798
Medina,218338
Meeker,23300
Meigs,35523
Mellette,2048
Menard,14947
Mendocino,87841
Menifee,6306
Menominee,28261
Merced,255793
Mercer,636203
Meriwether,21992
Merrick,7845
Merrimack,146445
Mesa,146723
Metcalfe,10099
Miami,172196
Miami-Dade,2496435
Middlesex,2489578
Midland,220501
Mifflin,46682
Milam,24757
Millard,12503
Mille Lacs,26097
Miller,74335
Mills,19995
Milwaukee,947735
Miner,2389
Mineral,37919
Mingo,26839
Minidoka,20069
Minnehaha,169468
Missaukee,14849
Mississippi,60838
Missoula,109299
Mitchell,65629
Mobile,412992
Modoc,9686
Moffat,13795
Mohave,200186
Moniteau,15607
Monmouth,630380
Mono,14202
Monona,9243
Monongalia,96189
Monroe,1549967
Montague,19719
Montcalm,63342
Monterey,415057
Montezuma,25535
Montgomery,3519362
Montmorency,9765
Montour,18267
Montrose,41276
Moody,6486
Moore,116513
Mora,4881
Morehouse,27979
Morgan,368497
Morrill,5042
Morris,511133
Morrison,33198
Morrow,46000
Morton,30704
Motley,1210
Moultrie,14846
Mountrail,7673
Mower,39163
Muhlenberg,31499
Multnomah,735334
Murray,61841
Muscatine,42745
Muscogee,189885
Muskegon,172188
Muskingum,86074
Muskogee,70990
Musselshell,4538
Nacogdoches,64524
Nance,3735
Nantucket,10172
Napa,136484
Nash,95840
Nassau,1412846
Natchitoches,39566
Natrona,75450
Navajo,107449
Navarro,47735
Nelson,61583
Nemaha,17426
Neosho,16512
Neshoba,29676
Ness,3107
Nevada,107761
New Castle,538479
New Hanover,202667
New Haven,862477
New Kent,18429
New London,274055
New Madrid,18956
New York,1585873
Newaygo,48460
Newberry,37508
Newport,82888
Newport News,180719
Newton,216811
Nez Perce,39265
Niagara,216469
Nicholas,33368
Nicollet,32727
Niobrara,2484
Noble,73742
Nobles,21378
Nodaway,23370
Nolan,15216
Nome,9492
Norfolk,913653
Norman,6852
North Slope,9430
Northampton,332223
Northumberland,106858
Northwest Arctic,7523
Norton,9629
Nottoway,15853
Nowata,10536
Noxubee,11545
Nuckolls,4500
Nueces,340223
Nye,43946
O'Brien,14398
Oakland,1202362
Obion,31807
Ocean,576567
Oceana,26570
Ochiltree,10223
Oconee,107081
Oconto,37660
Ogemaw,21699
Ogle,53497
Oglethorpe,14899
Ohio,74413
Okaloosa,180822
Okanogan,41120
Okeechobee,39996
Okfuskee,12191
Oklahoma,718633
Okmulgee,40069
Oktibbeha,47671
Oldham,62368
Oliver,1846
Olmsted,144248
Oneida,275162
Onondaga,467026
Onslow,177772
Ontario,107931
Ontonagon,6780
Orange,4826896
Orangeburg,92501
Oregon,10881
Orleans,413943
Osage,77645
Osborne,3858
Osceola,298675
Oscoda,8640
Oswego,122109
Otero,82628
Otoe,15740
Otsego,86423
Ottawa,343168
Otter Tail,57303
Ouachita,179840
Ouray,4436
Outagamie,176695
Overton,22083
Owen,32416
Owsley,4755
Owyhee,11526
Oxford,57833
Ozark,9723
Ozaukee,86395
Pacific,20920
Page,39974
Palm Beach,1320134
Palo Alto,9421
Palo Pinto,28111
Pamlico,13144
Panola,58503
Park,60047
Parke,17339
Parker,116927
Parmer,10269
Pasco,464697
Pasquotank,40661
Passaic,501226
Patrick,18490
Paulding,161938
Pawnee,26323
Payette,22623
Payne,77350
Peach,27695
Pearl River,55834
Pecos,15507
Pembina,7413
Pemiscot,18296
Pend Oreille,13001
Pender,52217
Pendleton,22572
Pennington,114878
Penobscot,153923
Peoria,186494
Pepin,7469
Perkins,5952
Perquimans,13453
Perry,212599
Pershing,6753
Person,39464
Petersburg,32420
Petroleum,494
Pettis,42201
Phelps,54344
Philadelphia,1526006
Phillips,36094
Piatt,16729
Pickaway,55698
Pickens,168401
Pickett,5077
Pierce,866625
Pike,301356
Pima,980263
Pinal,375770
Pine,29750
Pinellas,916542
Pipestone,9596
Piscataquis,17535
Pitkin,17148
Pitt,168148
Pittsburg,45837
Pittsylvania,63506
Piute,1556
Placer,348432
Plaquemines,23042
Platte,130226
Pleasants,7605
Plumas,20007
Plymouth,519905
Pocahontas,16029
Poinsett,24583
Pointe Coupee,22802
Polk,1365371
Pondera,6153
Pontotoc,67449
Pope,77219
Poquoson,12150
Portage,231438
Porter,164343
Portsmouth,95535
Posey,25910
Pottawatomie,91046
Pottawattamie,93158
Potter,140859
Powder River,1743
Powell,19640
Power,7817
Poweshiek,18914
Powhatan,28046
Prairie,9894
Pratt,9656
Preble,42270
Prentiss,25276
Presidio,7818
Presque Isle,13376
Preston,33520
Price,14159
Prince Edward,23368
Prince George,35725
Prince George's,863420
Prince William,402002
Providence,626667
Prowers,12551
Pueblo,159063
Pulaski,564530
Pushmataha,11572
Putnam,406546
Quay,9041
Queen Anne's,47798
Queens,2230722
Quitman,10736
Rabun,16276
Racine,195408
Radford,16408
Rains,10914
Raleigh,78859
Ralls,10167
Ramsey,520091
Randall,120725
Randolph,304819
Rankin,141617
Ransom,5457
Rapides,131613
Rappahannock,7373
Ravalli,40212
Rawlins,2519
Ray,23494
Reagan,3367
Real,3309
Red Lake,4089
Red River,21951
Red Willow,11055
Redwood,16059
Reeves,13783
Refugio,7383
Reno,64511
Rensselaer,159429
Renville,18200
Republic,4980
Reynolds,6696
Rhea,31809
Rice,74225
Rich,2264
Richardson,8363
Richland,590025
Richmond,725172
Richmond City,204214
Riley,71115
Ringgold,5131
Rio Arriba,40246
Rio Blanco,6666
Rio Grande,11982
Ripley,42918
Ritchie,10449
Riverside,2189641
Roane,69107
Roanoke,92376
Roanoke City,97032
Roberts,11078
Robertson,85187
Robeson,134168
Rock,171544
Rock Island,147546
Rockbridge,22307
Rockcastle,17056
Rockdale,85215
Rockingham,465180
Rockland,311687
Rockwall,78337
Roger Mills,3647
Rogers,86905
Rolette,13937
Rooks,5181
Roosevelt,30271
Roscommon,24449
Roseau,15629
Rosebud,9233
Ross,78064
Routt,23509
Rowan,161761
Runnels,10501
Rush,20699
Rusk,68085
Russell,106379
Rutherford,330414
Rutland,61642
Sabine,35067
Sac,10350
Sacramento,1418788
Sagadahoc,35293
Saginaw,200169
Saguache,6108
Salem,90885
Saline,225207
Salt Lake,1029655
Saluda,19875
Sampson,63431
San Augustine,8865
San Benito,55269
San Bernardino,2035210
San Diego,3095313
San Francisco,805235
San Jacinto,26384
San Joaquin,685306
San Juan,161258
San Luis Obispo,269637
San Mateo,718451
San Miguel,36752
San Patricio,64804
San Saba,6131
Sanborn,2355
Sanders,11413
Sandoval,131561
Sandusky,60944
Sangamon,197465
Sanilac,43114
Sanpete,27822
Santa Barbara,423895
Santa Clara,1781642
Santa Cruz,309802
Santa Fe,144170
Santa Rosa,151372
Sarasota,379448
Saratoga,219607
Sargent,3829
Sarpy,158840
Sauk,61976
Saunders,20780
Sawyer,16557
Schenectady,154727
Schleicher,3461
Schley,5010
Schoharie,32749
Schoolcraft,8485
Schuyler,30318
Schuylkill,148289
Scioto,79499
Scotland,41000
Scott,500890
Scotts Bluff,36970
Screven,14593
Scurry,16921
Searcy,8195
Sebastian,125744
Sedgwick,500744
Seminole,456929
Seneca,91996
Sequatchie,14112
Sequoyah,42391
Sevier,127749
Seward,39702
Shackelford,3378
Shannon,22027
Sharkey,4916
Sharp,17264
Shasta,177223
Shawano,41949
Shawnee,177934
Sheboygan,115507
Shelby,1325013
Shenandoah,41993
Sherburne,88499
Sheridan,41846
Sherman,13961
Shiawassee,70648
Shoshone,12765
Sibley,15226
Sierra,15228
Silver Bow,34200
Simpson,44830
Sioux,39168
Siskiyou,44900
Sitka,8881
Skagit,116901
Skagway Municipality,968
Skamania,11066
Slope,727
Smith,249224
Smyth,32208
Snohomish,713335
Snyder,39702
Socorro,17866
Solano,413344
Somerset,479884
Somervell,8490
Sonoma,483878
Southampton,18570
Southeast Fairbanks,7029
Spalding,64073
Spartanburg,284307
Spencer,38013
Spink,6415
Spokane,471221
Spotsylvania,122397
St. Bernard,35897
St. Charles,413265
St. Clair,526494
St. Croix,84345
St. Francis,28258
St. Francois,65359
St. Helena,11203
St. James,22102
St. John the Baptist,45924
St. Johns,190039
St. Joseph,328226
St. Landry,83384
St. Lawrence,111944
St. Louis,1199180
St. Louis City,319294
St. Lucie,277789
St. Martin,52160
St. Mary,54650
St. Mary's,105151
St. Tammany,233740
Stafford,133398
Stanislaus,514453
Stanley,2966
Stanly,60585
Stanton,8364
Stark,405779
Starke,23363
Starr,60968
Staunton,23746
Ste. Genevieve,18145
Stearns,150642
Steele,38551
Stephens,80853
Stephenson,47711
Sterling,1143
Steuben,133175
Stevens,58981
Stewart,19382
Stillwater,9117
Stoddard,29968
Stokes,47401
Stone,62382
Stonewall,1490
Storey,4010
Story,89542
Strafford,123143
Stutsman,21100
Sublette,10247
Suffolk,2299958
Sullivan,312729
Sully,1373
Summers,13927
Summit,606099
Sumner,184777
Sumter,247458
Sunflower,29450
Surry,80731
Susquehanna,43356
Sussex,358497
Sutter,94737
Sutton,4128
Suwannee,41551
Swain,13981
Sweet Grass,3651
Sweetwater,43806
Swift,9783
Swisher,7854
Switzerland,10613
Talbot,44647
Taliaferro,1717
Talladega,82291
Tallahatchie,15378
Tallapoosa,41616
Tama,17767
Taney,51675
Tangipahoa,121097
Taos,32937
Tarrant,1809034
Tate,28886
Tattnall,25520
Taylor,231395
Tazewell,180472
Tehama,63463
Telfair,16500
Teller,23350
Tensas,5252
Terrebonne,111860
Terrell,10299
Terry,12651
Teton,37537
Texas,46648
Thayer,5228
Thomas,53267
Throckmorton,1641
Thurston,259204
Tift,40118
Tillamook,25250
Tillman,7992
Tioga,93106
Tippah,22232
Tippecanoe,172780
Tipton,77017
Tishomingo,19593
Titus,32334
Todd,46967
Tolland,152691
Tom Green,110224
Tompkins,101564
Tooele,58218
Toole,5324
Toombs,27223
Torrance,16383
Towner,2246
Towns,10471
Traill,8121
Transylvania,33090
Traverse,3558
Travis,1024266
Treasure,718
Trego,3001
Trempealeau,28816
Treutlen,6885
Trigg,14339
Trimble,8809
Trinity,28371
Tripp,5644
Troup,67044
Trousdale,7870
Trumbull,210312
Tucker,7141
Tulare,442179
Tulsa,603403
Tunica,10778
Tuolumne,55365
Turner,17277
Tuscaloosa,194656
Tuscarawas,92582
Tuscola,55729
Twiggs,9023
Twin Falls,77230
Tyler,30974
Tyrrell,4407
Uinta,21118
Uintah,32588
Ulster,182493
Umatilla,75889
Unicoi,18313
Union,1109054
Upshur,63563
Upson,27153
Upton,3355
Utah,516564
Uvalde,26405
Val Verde,48879
Valdez-Cordova,9636
Valencia,76569
Valley,21491
Van Buren,106671
Van Wert,28744
Van Zandt,52579
Vance,45422
Vanderburgh,179703
Venango,54984
Ventura,823318
Vermilion,139624
Vermillion,16212
Vernon,103266
Victoria,86793
Vigo,107848
Vilas,21430
Vinton,13435
Virginia Beach,437994
Volusia,494593
Wabash,44835
Wabasha,21676
Wabaunsee,7053
Wade Hampton,7459
Wadena,13843
Wagoner,73085
Wahkiakum,3978
Wake,900993
Wakulla,30776
Waldo,38786
Walker,203640
Walla Walla,58781
Wallace,1485
Waller,43205
Wallowa,7008
Walsh,11119
Walthall,15443
Walton,138811
Walworth,107666
Wapello,35625
Ward,72333
Ware,36312
Warren,800645
Warrick,59689
Wasatch,23530
Wasco,25213
Waseca,19136
Washakie,8533
Washburn,15911
Washington,2520911
Washita,11629
Washoe,421407
Washtenaw,344791
Watauga,51079
Watonwan,11211
Waukesha,389891
Waupaca,52410
Waushara,24496
Wayne,2453456
Waynesboro,21006
Weakley,35021
Webb,250304
Weber,231236
Webster,155061
Weld,252825
Wells,31843
West Baton Rouge,23788
West Carroll,11604
West Feliciana,15625
Westchester,949113
Westmoreland,382623
Weston,7208
Wetzel,16583
Wexford,32735
Wharton,41280
Whatcom,201140
Wheatland,2168
Wheeler,15090
White,169369
White Pine,10030
Whiteside,58498
Whitfield,102599
Whitley,68929
Whitman,44776
Wibaux,1017
Wichita,133734
Wicomico,98733
Wilbarger,13535
Wilcox,20925
Wilkes,79933
Wilkin,6576
Wilkinson,19441
Will,677560
Willacy,22134
Williams,60040
Williamsburg,48491
Williamson,672218
Wilson,247554
Winchester,26203
Windham,162941
Windsor,56670
Winkler,7110
Winn,15313
Winnebago,473126
Winneshiek,21056
Winona,51461
Winston,43682
Wirt,5717
Wise,100579
Wolfe,7355
Wood,329157
Woodbury,102172
Woodford,63603
Woodruff,7260
Woods,8878
Woodson,3309
Woodward,20081
Worcester,850006
Worth,31448
Wright,156744
Wyandot,22615
Wyandotte,157505
Wyoming,94227
Wythe,29235
Yadkin,38406
Yakima,243231
Yakutat,662
Yalobusha,12678
Yamhill,99193
Yancey,17818
Yankton,22438
Yates,25348
Yavapai,211033
Yazoo,28065
Yell,22185
Yellow Medicine,10438
Yellowstone,147972
Yoakum,7879
Yolo,200849
York,937305
Young,18550
Yuba,72155
Yukon-Koyukuk,5588
Yuma,205794
Zapata,14018
Zavala,11677
Ziebach,2801
